Workbook

Sheet Input
E2: Test name: | J2: Test name: | O2: Test name: | T2: Test name: | Y2: Test name: | AD2: Test name:
E3: Task A | J3: Task A v2 | O3: Task A v3 | T3: … | Y3: … | AD3: …
E5: Reaction | F5: test | G5: v5 | J5: Reaction | K5: test | L5: v5 | O5: Reaction | P5: test | Q5: v5 | T5: Paste here… | Y5: Paste here… | AD5: Paste here…
E6: Channel | F6: config | G6: [......aA] | J6: Channel | K6: config | L6: [......aA] | O6: Channel | P6: config | Q6: [......aA]
E7: Number | F7: 1000 | J7: Number | K7: 1000 | O7: Number | P7: 1000
E8: Release/Reset | F8: Separate/Immediate | J8: Release/Reset | K8: Separate/Immediate | O8: Release/Reset | P8: Separate/Immediate
E9: Timeout/Max | F9: Release | G9: 8ms/1ms | J9: Timeout/Max | K9: Release | L9: 8ms/1ms | O9: Timeout/Max | P9: Release | Q9: 8ms/1ms
E10: Polarity | F10: Active | G10: low | J10: Polarity | K10: Active | L10: low | O10: Polarity | P10: Active | Q10: low
E11: Sample | F11: mode | G11: Poll | J11: Sample | K11: mode | L11: Poll | O11: Sample | P11: mode | Q11: Poll
E12: n | F12: A | J12: n | K12: A | O12: n | P12: A
E13: 1 | F13: 7 | J13: 1 | K13: 7 | O13: 1 | P13: 7
E14: 2 | F14: 7 | J14: 2 | K14: 7 | O14: 2 | P14: 7
E15: 3 | F15: 7 | J15: 3 | K15: 7 | O15: 3 | P15: 7
E16: 4 | F16: 7 | J16: 4 | K16: 7 | O16: 4 | P16: 7
E17: 5 | F17: 7 | J17: 5 | K17: 7 | O17: 5 | P17: 7
E18: 6 | F18: 7 | J18: 6 | K18: 7 | O18: 6 | P18: 7
E19: 7 | F19: 7 | J19: 7 | K19: 7 | O19: 7 | P19: 7
E20: 8 | F20: 7 | J20: 8 | K20: 7 | O20: 8 | P20: 7
E21: 9 | F21: 7 | J21: 9 | K21: 7 | O21: 9 | P21: 7
E22: 10 | F22: 7 | J22: 10 | K22: 7 | O22: 10 | P22: 7
E23: 11 | F23: 0 | J23: 11 | K23: 7 | O23: 11 | P23: 7
E24: 12 | F24: 7 | J24: 12 | K24: 7 | O24: 12 | P24: 0
... E1012: 1000 | F1012: 7 | J1012: 1000 | K1012: 7 | O1012: 1000 | P1012: 7

Sheet Calculations
E2: Test name: | J2: Test name: | O2: Test name: | T2: Test name: | Y2: Test name: | AD2: Test name:
E3: =Input!E3 -> Task A | J3: =Input!J3 -> Task A v2 | O3: =Input!O3 -> Task A v3 | T3: =Input!T3 -> … | Y3: =Input!Y3 -> … | AD3: =Input!AD3 -> …
E5: A | F5: B | G5: C | H5: Total | J5: A | K5: B | L5: C | M5: Total | O5: A | P5: B | Q5: C | R5: Total | T5: A | U5: B | V5: C | W5: Total | Y5: A | Z5: B | AA5: C | AB5: Total | AD5: A | AE5: B | AF5: C | AG5: Total
D6: Min time: | E6: =MIN(Input!F13:F1012) -> 0 | F6: =MIN(Input!G13:G1012) -> 0 | G6: =MIN(Input!H13:H1012) -> 0 | H6: =MIN(Input!F13:H1012) -> 0 | J6: =MIN(Input!K13:K1012) -> 0 | K6: =MIN(Input!L13:L1012) -> 0 | L6: =MIN(Input!M13:M1012) -> 0 | M6: =MIN(Input!K13:M1012) -> 0 | O6: =MIN(Input!P13:P1012) -> 0 | P6: =MIN(Input!Q13:Q1012) -> 0 | Q6: =MIN(Input!R13:R1012) -> 0 | R6: =MIN(Input!P13:R1012) -> 0 | T6: =MIN(Input!U13:U1012) -> 0 | U6: =MIN(Input!V13:V1012) -> 0 | V6: =MIN(Input!W13:W1012) -> 0 | W6: =MIN(Input!U13:W1012) -> 0 | Y6: =MIN(Input!Z13:Z1012) -> 0 | Z6: =MIN(Input!AA13:AA1012) -> 0 | AA6: =MIN(Input!AB13:AB1012) -> 0 | AB6: =MIN(Input!Z13:AB1012) -> 0 | AD6: =MIN(Input!AE13:AE1012) -> 0 | AE6: =MIN(Input!AF13:AF1012) -> 0 | AF6: =MIN(Input!AG13:AG1012) -> 0 | AG6: =MIN(Input!AE13:AG1012) -> 0
D7: Max time: | E7: =MAX(Input!F13:F1012) -> 59 | F7: =MAX(Input!G13:G1012) -> 0 | G7: =MAX(Input!H13:H1012) -> 0 | H7: =MAX(Input!F13:H1012) -> 59 | J7: =MAX(Input!K13:K1012) -> 51 | K7: =MAX(Input!L13:L1012) -> 0 | L7: =MAX(Input!M13:M1012) -> 0 | M7: =MAX(Input!K13:M1012) -> 51 | O7: =MAX(Input!P13:P1012) -> 29 | P7: =MAX(Input!Q13:Q1012) -> 0 | Q7: =MAX(Input!R13:R1012) -> 0 | R7: =MAX(Input!P13:R1012) -> 29 | T7: =MAX(Input!U13:U1012) -> 0 | U7: =MAX(Input!V13:V1012) -> 0 | V7: =MAX(Input!W13:W1012) -> 0 | W7: =MAX(Input!U13:W1012) -> 0 | Y7: =MAX(Input!Z13:Z1012) -> 0 | Z7: =MAX(Input!AA13:AA1012) -> 0 | AA7: =MAX(Input!AB13:AB1012) -> 0 | AB7: =MAX(Input!Z13:AB1012) -> 0 | AD7: =MAX(Input!AE13:AE1012) -> 0 | AE7: =MAX(Input!AF13:AF1012) -> 0 | AF7: =MAX(Input!AG13:AG1012) -> 0 | AG7: =MAX(Input!AE13:AG1012) -> 0
D8: Avr time: | E8: =AVERAGE(Input!F13:F1012) -> 7.173 | F8: =AVERAGE(Input!G13:G1012) -> #DIV/0! | G8: =AVERAGE(Input!H13:H1012) -> #DIV/0! | H8: =AVERAGE(Input!F13:H1012) -> 7.173 | J8: =AVERAGE(Input!K13:K1012) -> 7.245 | K8: =AVERAGE(Input!L13:L1012) -> #DIV/0! | L8: =AVERAGE(Input!M13:M1012) -> #DIV/0! | M8: =AVERAGE(Input!K13:M1012) -> 7.245 | O8: =AVERAGE(Input!P13:P1012) -> 7.224 | P8: =AVERAGE(Input!Q13:Q1012) -> #DIV/0! | Q8: =AVERAGE(Input!R13:R1012) -> #DIV/0! | R8: =AVERAGE(Input!P13:R1012) -> 7.224 | T8: =AVERAGE(Input!U13:U1012) -> #DIV/0! | U8: =AVERAGE(Input!V13:V1012) -> #DIV/0! | V8: =AVERAGE(Input!W13:W1012) -> #DIV/0! | W8: =AVERAGE(Input!U13:W1012) -> #DIV/0! | Y8: =AVERAGE(Input!Z13:Z1012) -> #DIV/0! | Z8: =AVERAGE(Input!AA13:AA1012) -> #DIV/0! | AA8: =AVERAGE(Input!AB13:AB1012) -> #DIV/0! | AB8: =AVERAGE(Input!Z13:AB1012) -> #DIV/0! | AD8: =AVERAGE(Input!AE13:AE1012) -> #DIV/0! | AE8: =AVERAGE(Input!AF13:AF1012) -> #DIV/0! | AF8: =AVERAGE(Input!AG13:AG1012) -> #DIV/0! | AG8: =AVERAGE(Input!AE13:AG1012) -> #DIV/0!
A10: 0 | D10: 0 | E10: {=FREQUENCY(Input!F13:F1012,Calculations!$B$10:$B$30)} -> 13 | F10: {=FREQUENCY(Input!G13:G1012,Calculations!$B$10:$B$30)} -> 0 | G10: {=FREQUENCY(Input!H13:H1012,Calculations!$B$10:$B$30)} -> 0 | H10: =E10+F10+G10 -> 13 | J10: {=FREQUENCY(Input!K13:K1012,Calculations!$B$10:$B$30)} -> 11 | K10: {=FREQUENCY(Input!L13:L1012,Calculations!$B$10:$B$30)} -> 0 | L10: {=FREQUENCY(Input!M13:M1012,Calculations!$B$10:$B$30)} -> 0 | M10: =J10+K10+L10 -> 11 | O10: {=FREQUENCY(Input!P13:P1012,Calculations!$B$10:$B$30)} -> 9 | P10: {=FREQUENCY(Input!Q13:Q1012,Calculations!$B$10:$B$30)} -> 0 | Q10: {=FREQUENCY(Input!R13:R1012,Calculations!$B$10:$B$30)} -> 0 | R10: =O10+P10+Q10 -> 9 | T10: {=FREQUENCY(Input!U13:U1012,Calculations!$B$10:$B$30)} -> 0 | U10: {=FREQUENCY(Input!V13:V1012,Calculations!$B$10:$B$30)} -> 0 | V10: {=FREQUENCY(Input!W13:W1012,Calculations!$B$10:$B$30)} -> 0 | W10: =T10+U10+V10 -> 0 | Y10: {=FREQUENCY(Input!Z13:Z1012,Calculations!$B$10:$B$30)} -> 0 | Z10: {=FREQUENCY(Input!AA13:AA1012,Calculations!$B$10:$B$30)} -> 0 | AA10: {=FREQUENCY(Input!AB13:AB1012,Calculations!$B$10:$B$30)} -> 0 | AB10: =Y10+Z10+AA10 -> 0 | AD10: {=FREQUENCY(Input!AE13:AE1012,Calculations!$B$10:$B$30)} -> 0 | AE10: {=FREQUENCY(Input!AF13:AF1012,Calculations!$B$10:$B$30)} -> 0 | AF10: {=FREQUENCY(Input!AG13:AG1012,Calculations!$B$10:$B$30)} -> 0 | AG10: =AD10+AE10+AF10 -> 0
A11: 0.05 | B11: =A11*Graphs!$D$2 -> 3 | D11: =B11 -> 3 | E11: 0 | F11: 0 | G11: 0 | H11: =E11+F11+G11 -> 0 | J11: 0 | K11: 0 | L11: 0 | M11: =J11+K11+L11 -> 0 | O11: 0 | P11: 0 | Q11: 0 | R11: =O11+P11+Q11 -> 0 | T11: 0 | U11: 0 | V11: 0 | W11: =T11+U11+V11 -> 0 | Y11: 0 | Z11: 0 | AA11: 0 | AB11: =Y11+Z11+AA11 -> 0 | AD11: 0 | AE11: 0 | AF11: 0 | AG11: =AD11+AE11+AF11 -> 0
A12: 0.1 | B12: =A12*Graphs!$D$2 -> 6 | D12: =B12 -> 6 | E12: 971 | F12: 0 | G12: 0 | H12: =E12+F12+G12 -> 971 | J12: 968 | K12: 0 | L12: 0 | M12: =J12+K12+L12 -> 968 | O12: 968 | P12: 0 | Q12: 0 | R12: =O12+P12+Q12 -> 968 | T12: 0 | U12: 0 | V12: 0 | W12: =T12+U12+V12 -> 0 | Y12: 0 | Z12: 0 | AA12: 0 | AB12: =Y12+Z12+AA12 -> 0 | AD12: 0 | AE12: 0 | AF12: 0 | AG12: =AD12+AE12+AF12 -> 0
A13: 0.15 | B13: =A13*Graphs!$D$2 -> 9 | D13: =B13 -> 9 | E13: 0 | F13: 0 | G13: 0 | H13: =E13+F13+G13 -> 0 | J13: 0 | K13: 0 | L13: 0 | M13: =J13+K13+L13 -> 0 | O13: 0 | P13: 0 | Q13: 0 | R13: =O13+P13+Q13 -> 0 | T13: 0 | U13: 0 | V13: 0 | W13: =T13+U13+V13 -> 0 | Y13: 0 | Z13: 0 | AA13: 0 | AB13: =Y13+Z13+AA13 -> 0 | AD13: 0 | AE13: 0 | AF13: 0 | AG13: =AD13+AE13+AF13 -> 0
A14: 0.2 | B14: =A14*Graphs!$D$2 -> 12 | D14: =B14 -> 12 | E14: 6 | F14: 0 | G14: 0 | H14: =E14+F14+G14 -> 6 | J14: 8 | K14: 0 | L14: 0 | M14: =J14+K14+L14 -> 8 | O14: 9 | P14: 0 | Q14: 0 | R14: =O14+P14+Q14 -> 9 | T14: 0 | U14: 0 | V14: 0 | W14: =T14+U14+V14 -> 0 | Y14: 0 | Z14: 0 | AA14: 0 | AB14: =Y14+Z14+AA14 -> 0 | AD14: 0 | AE14: 0 | AF14: 0 | AG14: =AD14+AE14+AF14 -> 0
A15: 0.25 | B15: =A15*Graphs!$D$2 -> 15 | D15: =B15 -> 15 | E15: 0 | F15: 0 | G15: 0 | H15: =E15+F15+G15 -> 0 | J15: 0 | K15: 0 | L15: 0 | M15: =J15+K15+L15 -> 0 | O15: 0 | P15: 0 | Q15: 0 | R15: =O15+P15+Q15 -> 0 | T15: 0 | U15: 0 | V15: 0 | W15: =T15+U15+V15 -> 0 | Y15: 0 | Z15: 0 | AA15: 0 | AB15: =Y15+Z15+AA15 -> 0 | AD15: 0 | AE15: 0 | AF15: 0 | AG15: =AD15+AE15+AF15 -> 0
A16: 0.3 | B16: =A16*Graphs!$D$2 -> 18 | D16: =B16 -> 18 | E16: 0 | F16: 0 | G16: 0 | H16: =E16+F16+G16 -> 0 | J16: 0 | K16: 0 | L16: 0 | M16: =J16+K16+L16 -> 0 | O16: 0 | P16: 0 | Q16: 0 | R16: =O16+P16+Q16 -> 0 | T16: 0 | U16: 0 | V16: 0 | W16: =T16+U16+V16 -> 0 | Y16: 0 | Z16: 0 | AA16: 0 | AB16: =Y16+Z16+AA16 -> 0 | AD16: 0 | AE16: 0 | AF16: 0 | AG16: =AD16+AE16+AF16 -> 0
A17: 0.35 | B17: =A17*Graphs!$D$2 -> 21 | D17: =B17 -> 21 | E17: 4 | F17: 0 | G17: 0 | H17: =E17+F17+G17 -> 4 | J17: 7 | K17: 0 | L17: 0 | M17: =J17+K17+L17 -> 7 | O17: 12 | P17: 0 | Q17: 0 | R17: =O17+P17+Q17 -> 12 | T17: 0 | U17: 0 | V17: 0 | W17: =T17+U17+V17 -> 0 | Y17: 0 | Z17: 0 | AA17: 0 | AB17: =Y17+Z17+AA17 -> 0 | AD17: 0 | AE17: 0 | AF17: 0 | AG17: =AD17+AE17+AF17 -> 0
A18: 0.4 | B18: =A18*Graphs!$D$2 -> 24 | D18: =B18 -> 24 | E18: 0 | F18: 0 | G18: 0 | H18: =E18+F18+G18 -> 0 | J18: 0 | K18: 0 | L18: 0 | M18: =J18+K18+L18 -> 0 | O18: 0 | P18: 0 | Q18: 0 | R18: =O18+P18+Q18 -> 0 | T18: 0 | U18: 0 | V18: 0 | W18: =T18+U18+V18 -> 0 | Y18: 0 | Z18: 0 | AA18: 0 | AB18: =Y18+Z18+AA18 -> 0 | AD18: 0 | AE18: 0 | AF18: 0 | AG18: =AD18+AE18+AF18 -> 0
A19: 0.45 | B19: =A19*Graphs!$D$2 -> 27 | D19: =B19 -> 27 | E19: 5 | F19: 0 | G19: 0 | H19: =E19+F19+G19 -> 5 | J19: 4 | K19: 0 | L19: 0 | M19: =J19+K19+L19 -> 4 | O19: 2 | P19: 0 | Q19: 0 | R19: =O19+P19+Q19 -> 2 | T19: 0 | U19: 0 | V19: 0 | W19: =T19+U19+V19 -> 0 | Y19: 0 | Z19: 0 | AA19: 0 | AB19: =Y19+Z19+AA19 -> 0 | AD19: 0 | AE19: 0 | AF19: 0 | AG19: =AD19+AE19+AF19 -> 0
A20: 0.5 | B20: =A20*Graphs!$D$2 -> 30 | D20: =B20 -> 30 | E20: 0 | F20: 0 | G20: 0 | H20: =E20+F20+G20 -> 0 | J20: 0 | K20: 0 | L20: 0 | M20: =J20+K20+L20 -> 0 | O20: 0 | P20: 0 | Q20: 0 | R20: =O20+P20+Q20 -> 0 | T20: 0 | U20: 0 | V20: 0 | W20: =T20+U20+V20 -> 0 | Y20: 0 | Z20: 0 | AA20: 0 | AB20: =Y20+Z20+AA20 -> 0 | AD20: 0 | AE20: 0 | AF20: 0 | AG20: =AD20+AE20+AF20 -> 0
A21: 0.55 | B21: =A21*Graphs!$D$2 -> 33 | D21: =B21 -> 33 | E21: 0 | F21: 0 | G21: 0 | H21: =E21+F21+G21 -> 0 | J21: 1 | K21: 0 | L21: 0 | M21: =J21+K21+L21 -> 1 | O21: 0 | P21: 0 | Q21: 0 | R21: =O21+P21+Q21 -> 0 | T21: 0 | U21: 0 | V21: 0 | W21: =T21+U21+V21 -> 0 | Y21: 0 | Z21: 0 | AA21: 0 | AB21: =Y21+Z21+AA21 -> 0 | AD21: 0 | AE21: 0 | AF21: 0 | AG21: =AD21+AE21+AF21 -> 0
A22: 0.6 | B22: =A22*Graphs!$D$2 -> 36 | D22: =B22 -> 36 | E22: 0 | F22: 0 | G22: 0 | H22: =E22+F22+G22 -> 0 | J22: 0 | K22: 0 | L22: 0 | M22: =J22+K22+L22 -> 0 | O22: 0 | P22: 0 | Q22: 0 | R22: =O22+P22+Q22 -> 0 | T22: 0 | U22: 0 | V22: 0 | W22: =T22+U22+V22 -> 0 | Y22: 0 | Z22: 0 | AA22: 0 | AB22: =Y22+Z22+AA22 -> 0 | AD22: 0 | AE22: 0 | AF22: 0 | AG22: =AD22+AE22+AF22 -> 0
... A30: 1 | B30: =A30*Graphs!$D$2 -> 60 | D30: =B30 -> 60 | E30: 0 | F30: 0 | G30: 0 | H30: =E30+F30+G30 -> 0 | J30: 0 | K30: 0 | L30: 0 | M30: =J30+K30+L30 -> 0 | O30: 0 | P30: 0 | Q30: 0 | R30: =O30+P30+Q30 -> 0 | T30: 0 | U30: 0 | V30: 0 | W30: =T30+U30+V30 -> 0 | Y30: 0 | Z30: 0 | AA30: 0 | AB30: =Y30+Z30+AA30 -> 0 | AD30: 0 | AE30: 0 | AF30: 0 | AG30: =AD30+AE30+AF30 -> 0
A33: 10
A34: 50
A35: 100
A36: 500
A37: 1000
A38: 5000
A39: 10000
A40: 50000

Sheet Graphs
B2: Select scale (in us): | D2: 60
